<?xml version="1.0" encoding="windows-1252"?>

<!-- This is a machine-generated file. -->
<!-- Please do not edit it. -->
<!-- Generated by Framework ver. 4.50.5906.0000 -->

<DynamicResultView id="23481" serializationBase="true" 
 ResultSourceClass="Port"
 SaveToConfig="TRUE"
 Identifier="4d9d7988-08eb-4ea1-b183-55ded29bba9d"
 Persistent="TRUE"
 CreatorId=""
 IsDeprecated="FALSE"
 Path=""
 ResultViewOwner="SYSTEM"
 Description="object://core/DynamicResultView"
 CustomDisplayName=""
 CustomDisplayPath="Routing and MPLS\PCEP Results"
 Active="TRUE"
 LocalActive="TRUE"
 Name="pcclspresults">
  <PresentationResultQuery id="23483" 
   SelectProperties="EmulatedDevice.Name PcepProtocolConfig.SymbolicName PcepProtocolConfig.SrcIpAddr PcepProtocolConfig.DstIpAddr PcepProtocolConfig.LspState PcepProtocolConfig.PlspState PcepProtocolConfig.PlspId PcepProtocolConfig.SrpId PcepProtocolConfig.RpId PcepProtocolConfig.PCRole"
   FromObjects="2"
   WhereConditions="PcepProtocolConfig.PCRole=0"
   GroupByProperties=""
   LimitOffset="0"
   LimitSize="50"
   SortBy=""
   ArchivingOption="NONE"
   ArchivingInterval="10"
   DatabaseFileName=""
   DisableAutoGrouping="FALSE"
   Active="TRUE"
   LocalActive="TRUE"
   Name="PresentationResultQuery 3">
  </PresentationResultQuery>
  <ColumnDisplayProperties id="23484" 
   ColumnPropertyId="EmulatedDevice.Name"
   ColumnCaption="Device Name"
   ColumnWidth="0"
   ColumnUnits="0"
   ColumnPrecision="255"
   ColumnGroups=""
   ColumnSortIndex="0"
   Active="TRUE"
   LocalActive="TRUE"
   Name="ColumnDisplayProperties 8">
  </ColumnDisplayProperties>
  <ColumnDisplayProperties id="23485" 
   ColumnPropertyId="PcepProtocolConfig.SymbolicName"
   ColumnCaption="Symbolic Name"
   ColumnWidth="0"
   ColumnUnits="0"
   ColumnPrecision="255"
   ColumnGroups=""
   ColumnSortIndex="0"
   Active="TRUE"
   LocalActive="TRUE"
   Name="ColumnDisplayProperties 9">
  </ColumnDisplayProperties>
  <ColumnDisplayProperties id="23486" 
   ColumnPropertyId="PcepProtocolConfig.LspState"
   ColumnCaption="State"
   ColumnWidth="0"
   ColumnUnits="0"
   ColumnPrecision="255"
   ColumnGroups=""
   ColumnSortIndex="0"
   Active="TRUE"
   LocalActive="TRUE"
   Name="ColumnDisplayProperties 10">
  </ColumnDisplayProperties>
  <ColumnDisplayProperties id="23487" 
   ColumnPropertyId="PcepProtocolConfig.PlspState"
   ColumnCaption="Action"
   ColumnWidth="0"
   ColumnUnits="0"
   ColumnPrecision="255"
   ColumnGroups=""
   ColumnSortIndex="0"
   Active="TRUE"
   LocalActive="TRUE"
   Name="ColumnDisplayProperties 11">
  </ColumnDisplayProperties>
  <ColumnDisplayProperties id="23488" 
   ColumnPropertyId="PcepProtocolConfig.PlspId"
   ColumnCaption="PLSP-ID"
   ColumnWidth="0"
   ColumnUnits="0"
   ColumnPrecision="255"
   ColumnGroups=""
   ColumnSortIndex="0"
   Active="TRUE"
   LocalActive="TRUE"
   Name="ColumnDisplayProperties 12">
  </ColumnDisplayProperties>
  <ColumnDisplayProperties id="23489" 
   ColumnPropertyId="PcepProtocolConfig.SrpId"
   ColumnCaption="SRP-ID"
   ColumnWidth="0"
   ColumnUnits="0"
   ColumnPrecision="255"
   ColumnGroups=""
   ColumnSortIndex="0"
   Active="TRUE"
   LocalActive="TRUE"
   Name="ColumnDisplayProperties 13">
  </ColumnDisplayProperties>
  <ColumnDisplayProperties id="23490" 
   ColumnPropertyId="PcepProtocolConfig.PCRole"
   ColumnCaption="Role"
   ColumnWidth="0"
   ColumnUnits="0"
   ColumnPrecision="255"
   ColumnGroups=""
   ColumnSortIndex="0"
   Active="TRUE"
   LocalActive="TRUE"
   Name="ColumnDisplayProperties 14">
  </ColumnDisplayProperties>
  <ColumnDisplayProperties id="23491" 
   ColumnPropertyId="PcepProtocolConfig.SrcIpAddr"
   ColumnCaption="Source IP Address"
   ColumnWidth="0"
   ColumnUnits="0"
   ColumnPrecision="255"
   ColumnGroups=""
   ColumnSortIndex="0"
   Active="TRUE"
   LocalActive="TRUE"
   Name="ColumnDisplayProperties 15">
  </ColumnDisplayProperties>
  <ColumnDisplayProperties id="23492" 
   ColumnPropertyId="PcepProtocolConfig.DstIpAddr"
   ColumnCaption="Destination IP Address"
   ColumnWidth="0"
   ColumnUnits="0"
   ColumnPrecision="255"
   ColumnGroups=""
   ColumnSortIndex="0"
   Active="TRUE"
   LocalActive="TRUE"
   Name="ColumnDisplayProperties 16">
  </ColumnDisplayProperties>
  <ColumnDisplayProperties id="23493" 
   ColumnPropertyId="PcepProtocolConfig.RpId"
   ColumnCaption="RP-ID"
   ColumnWidth="0"
   ColumnUnits="0"
   ColumnPrecision="255"
   ColumnGroups=""
   ColumnSortIndex="0"
   Active="TRUE"
   LocalActive="TRUE"
   Name="ColumnDisplayProperties 17">
  </ColumnDisplayProperties>
</DynamicResultView>
