<?xml version="1.0" encoding="windows-1252"?>

<!-- This is a machine-generated file. -->
<!-- Please do not edit it. -->
<!-- Generated by Framework ver. 4.50.5906.0000 -->

<DynamicResultView id="23602" serializationBase="true" 
 ResultSourceClass="Port"
 SaveToConfig="TRUE"
 Identifier="48b4c46e-b864-4db1-b0f1-1d6286492a76"
 Persistent="TRUE"
 CreatorId=""
 IsDeprecated="FALSE"
 Path=""
 ResultViewOwner="SYSTEM"
 Description="object://core/DynamicResultView"
 CustomDisplayName=""
 CustomDisplayPath="Routing and MPLS\PCEP Results"
 Active="TRUE"
 LocalActive="TRUE"
 Name="pcelsp_results">
  <PresentationResultQuery id="23604" 
   SelectProperties="EmulatedDevice.Name PcepProtocolConfig.SymbolicName PcepProtocolConfig.SrcIpAddr PcepProtocolConfig.DstIpAddr PcepProtocolConfig.LspState PcepProtocolConfig.PlspState PcepProtocolConfig.PlspId PcepProtocolConfig.SrpId PcepProtocolConfig.RpId PcepProtocolConfig.PCRole"
   FromObjects="2"
   WhereConditions="PcepProtocolConfig.PCRole=1"
   GroupByProperties=""
   LimitOffset="0"
   LimitSize="50"
   SortBy=""
   ArchivingOption="NONE"
   ArchivingInterval="10"
   DatabaseFileName=""
   DisableAutoGrouping="FALSE"
   Active="TRUE"
   LocalActive="TRUE"
   Name="PresentationResultQuery 3">
  </PresentationResultQuery>
  <ColumnDisplayProperties id="23605" 
   ColumnPropertyId="EmulatedDevice.Name"
   ColumnCaption="Device Name"
   ColumnWidth="0"
   ColumnUnits="0"
   ColumnPrecision="255"
   ColumnGroups=""
   ColumnSortIndex="0"
   Active="TRUE"
   LocalActive="TRUE"
   Name="ColumnDisplayProperties 8">
  </ColumnDisplayProperties>
  <ColumnDisplayProperties id="23606" 
   ColumnPropertyId="PcepProtocolConfig.SymbolicName"
   ColumnCaption="Symbolic Name"
   ColumnWidth="0"
   ColumnUnits="0"
   ColumnPrecision="255"
   ColumnGroups=""
   ColumnSortIndex="0"
   Active="TRUE"
   LocalActive="TRUE"
   Name="ColumnDisplayProperties 9">
  </ColumnDisplayProperties>
  <ColumnDisplayProperties id="23607" 
   ColumnPropertyId="PcepProtocolConfig.LspState"
   ColumnCaption="State"
   ColumnWidth="0"
   ColumnUnits="0"
   ColumnPrecision="255"
   ColumnGroups=""
   ColumnSortIndex="0"
   Active="TRUE"
   LocalActive="TRUE"
   Name="ColumnDisplayProperties 10">
  </ColumnDisplayProperties>
  <ColumnDisplayProperties id="23608" 
   ColumnPropertyId="PcepProtocolConfig.PlspState"
   ColumnCaption="Action"
   ColumnWidth="0"
   ColumnUnits="0"
   ColumnPrecision="255"
   ColumnGroups=""
   ColumnSortIndex="0"
   Active="TRUE"
   LocalActive="TRUE"
   Name="ColumnDisplayProperties 11">
  </ColumnDisplayProperties>
  <ColumnDisplayProperties id="23609" 
   ColumnPropertyId="PcepProtocolConfig.PlspId"
   ColumnCaption="PLSP-ID"
   ColumnWidth="0"
   ColumnUnits="0"
   ColumnPrecision="255"
   ColumnGroups=""
   ColumnSortIndex="0"
   Active="TRUE"
   LocalActive="TRUE"
   Name="ColumnDisplayProperties 12">
  </ColumnDisplayProperties>
  <ColumnDisplayProperties id="23610" 
   ColumnPropertyId="PcepProtocolConfig.SrpId"
   ColumnCaption="SRP-ID"
   ColumnWidth="0"
   ColumnUnits="0"
   ColumnPrecision="255"
   ColumnGroups=""
   ColumnSortIndex="0"
   Active="TRUE"
   LocalActive="TRUE"
   Name="ColumnDisplayProperties 13">
  </ColumnDisplayProperties>
  <ColumnDisplayProperties id="23611" 
   ColumnPropertyId="PcepProtocolConfig.PCRole"
   ColumnCaption="Role"
   ColumnWidth="0"
   ColumnUnits="0"
   ColumnPrecision="255"
   ColumnGroups=""
   ColumnSortIndex="0"
   Active="TRUE"
   LocalActive="TRUE"
   Name="ColumnDisplayProperties 14">
  </ColumnDisplayProperties>
  <ColumnDisplayProperties id="23612" 
   ColumnPropertyId="PcepProtocolConfig.SrcIpAddr"
   ColumnCaption="Source IP Address"
   ColumnWidth="0"
   ColumnUnits="0"
   ColumnPrecision="255"
   ColumnGroups=""
   ColumnSortIndex="0"
   Active="TRUE"
   LocalActive="TRUE"
   Name="ColumnDisplayProperties 15">
  </ColumnDisplayProperties>
  <ColumnDisplayProperties id="23613" 
   ColumnPropertyId="PcepProtocolConfig.DstIpAddr"
   ColumnCaption="Destination IP Address"
   ColumnWidth="0"
   ColumnUnits="0"
   ColumnPrecision="255"
   ColumnGroups=""
   ColumnSortIndex="0"
   Active="TRUE"
   LocalActive="TRUE"
   Name="ColumnDisplayProperties 16">
  </ColumnDisplayProperties>
  <ColumnDisplayProperties id="23614" 
   ColumnPropertyId="PcepProtocolConfig.RpId"
   ColumnCaption="RP-ID"
   ColumnWidth="0"
   ColumnUnits="0"
   ColumnPrecision="255"
   ColumnGroups=""
   ColumnSortIndex="0"
   Active="TRUE"
   LocalActive="TRUE"
   Name="ColumnDisplayProperties 17">
  </ColumnDisplayProperties>
</DynamicResultView>
