<tapi:meta xmlns:tapi="urn:www.spirentcom.com:XMLSchema.xsd" id="0x95000000" package="routing" plugin="isis" version="0.0.0-0">
 <tapi:class name="IsisDeviceGenProtocolParams" disable="TRUE">
 </tapi:class>
 
 <tapi:interface APIName="::sth::emulation_isis_config_stak" from_object="IsisRouterConfig">
	<tapi:retval name="return format b">
		<tapi:retkey name="isiscapabilitytlv_hnd" object="IsisCapabilityTlv"/>
		<tapi:retkey name="isismtcapabilitytlv_hnd" object="IsisMtCapabilityTlv"/>
		<tapi:retkey name="isissidlabelsubtlv_hnd" object="IsisSidLabelSubTlv"/>
		<tapi:retkey name="isislevel2plsblinkmetric_hnd" object="IsisLevel2PlsbLinkMetric"/>
		<tapi:retkey name="isislspneighborconfig_hnd" object="IsisLspNeighborConfig"/>
		<tapi:retkey name="isissidlabelbindingtlv_hnd" object="IsisSidLabelBindingTlv"/>
		<tapi:retkey name="isismacreachabilitytlv_hnd" object="IsisMacReachabilityTlv"/>
		<tapi:retkey name="isisadjsidsubtlv_hnd" object="IsisAdjSidSubTlv"/>
		<tapi:retkey name="ipv4isisroutesconfig_hnd" object="Ipv4IsisRoutesConfig"/>
		<tapi:retkey name="isisadjacencyserveripv6info_hnd" object="IsisAdjacencyServerIpv6Info"/>
		<tapi:retkey name="isismtportcaptlv_hnd" object="IsisMtPortCapTlv"/>
		<tapi:retkey name="isissitegroupipv6subtlv_hnd" object="IsisSiteGroupIpv6SubTlv"/>
		<tapi:retkey name="isissitegroupipv4subtlv_hnd" object="IsisSiteGroupIpv4SubTlv"/>
		<tapi:retkey name="isislspplsbisidaddrisidconfig_hnd" object="IsisLspPlsbIsidAddrIsidConfig"/>
		<tapi:retkey name="ipv6isisroutesconfig_hnd" object="Ipv6IsisRoutesConfig"/>
		<tapi:retkey name="isisplsblinkmetricconfig_hnd" object="IsisPlsbLinkMetricConfig"/>
		<tapi:retkey name="isissrcapabilitysubtlv_hnd" object="IsisSrCapabilitySubTlv"/>
		<tapi:retkey name="isislspplsbisidaddrconfig_hnd" object="IsisLspPlsbIsidAddrConfig"/>
		<tapi:retkey name="ipv6networkblock_hnd" object="Ipv6NetworkBlock"/>
		<tapi:retkey name="isisipv4erosubtlv_hnd" object="IsisIpv4EroSubTlv"/>
		<tapi:retkey name="isiserometricsubtlv_hnd" object="IsisEroMetricSubTlv"/>
		<tapi:retkey name="isisdevicegenprotocolparams_hnd" object="IsisDeviceGenProtocolParams"/>
		<tapi:retkey name="isisprefixsidsubtlv_hnd" object="IsisPrefixSidSubTlv"/>
		<tapi:retkey name="isislspplsbinstanceconfig_hnd" object="IsisLspPlsbInstanceConfig"/>
		<tapi:retkey name="isisplsbglobalconfig_hnd" object="IsisPlsbGlobalConfig"/>
		<tapi:retkey name="isisspblinkmetric_hnd" object="IsisSpbLinkMetric"/>
		<tapi:retkey name="isislspconfig_hnd" object="IsisLspConfig"/>
		<tapi:retkey name="isissralgorithmsubtlv_hnd" object="IsisSrAlgorithmSubTlv"/>
		<tapi:retkey name="isisperpduauthenticationparams_hnd" object="IsisPerPduAuthenticationParams"/>
		<tapi:retkey name="ipv4networkblock_hnd" object="Ipv4NetworkBlock"/>
		<tapi:retkey name="isisadjacencyserveripv4info_hnd" object="IsisAdjacencyServerIpv4Info"/>
		<tapi:retkey name="isisspblinkmetricsubtlv_hnd" object="IsisSpbLinkMetricSubTlv"/>
		<tapi:retkey name="isissitecapabilitysubtlv_hnd" object="IsisSiteCapabilitySubTlv"/>
		<tapi:retkey name="isislevel1plsblinkmetric_hnd" object="IsisLevel1PlsbLinkMetric"/>
		<tapi:retkey name="isislanadjsidsubtlv_hnd" object="IsisLanAdjSidSubTlv"/>
		<tapi:retkey name="isisrouterconfig_hnd" object="IsisRouterConfig"/>
	</tapi:retval>
	
	<tapi:map object="IsisSiteGroupIpv4SubTlv IsisSiteGroupIpv6SubTlv" prefix="ipv4 ipv6">
		<tapi:param name="$object$.AddrList" alias="addr_list"/>
	</tapi:map>

	<tapi:map object="IsisRouterConfig IsisMtCapabilityTlv IsisMtPortCapTlv" prefix="router cap_tlv port_cap_tlv">
		<tapi:param name="$object$.MtId" alias="mt_id"/>
	</tapi:map>

	<tapi:map object="Ipv4NetworkBlock Ipv6NetworkBlock" prefix="ipv4 ipv6">
		<tapi:param name="$object$.PrefixLength" alias="prefix_length"/>
		<tapi:param name="$object$.StartIpList" alias="start_ip_list"/>
	</tapi:map>

	<tapi:map object="IsisLspNeighborConfig Ipv4IsisRoutesConfig Ipv6IsisRoutesConfig" prefix="neighbor ipv4 ipv6">
		<tapi:param name="$object$.WideMetric" alias="wide_metric"/>
	</tapi:map>

	<tapi:map object="IsisPerPduAuthenticationParams IsisLspConfig" prefix="authenticate lsp">
		<tapi:param name="$object$.PduType" alias="pdu_type"/>
	</tapi:map>

	<tapi:map object="Ipv4IsisRoutesConfig Ipv6IsisRoutesConfig" prefix="ipv4 ipv6">
		<tapi:param name="$object$.UpDown" alias="up_down"/>
	</tapi:map>
	
    <tapi:map object="IsisAdjSidSubTlv IsisLanAdjSidSubTlv" prefix="adj_sid lan_adj">
		<tapi:param name="$object$.Flags" alias= "flags"/>
	</tapi:map>
	
	<tapi:map object="IsisRouterConfig IsisLspConfig" prefix="router lsp">
		<tapi:param name="$object$.Level" alias="level"/>
		<tapi:param name="$object$.HostName" alias="host_name"/>
		<tapi:param name="$object$.Ipv6TeRouterId" alias="ipv6_te_router_id"/>
		<tapi:param name="$object$.TeRouterId" alias="te_router_id"/>
	</tapi:map>

	<tapi:map object="IsisAdjSidSubTlv IsisLanAdjSidSubTlv IsisSidLabelBindingTlv" prefix="adj_tlv lan_tlv label_tlv">
		<tapi:param name="$object$.Weight" alias="weight"/>
	</tapi:map>

	<tapi:map object="IsisLevel1PlsbLinkMetric IsisLevel2PlsbLinkMetric IsisPlsbLinkMetricConfig IsisLspPlsbInstanceConfig IsisLspPlsbIsidAddrConfig" prefix="level1 level2 metric instance sidaddr">
		<tapi:param name="$object$.PlsbInstance" alias="plsb_instance"/>
	</tapi:map>

	<tapi:map object="IsisLevel1PlsbLinkMetric IsisLevel2PlsbLinkMetric IsisPlsbLinkMetricConfig" prefix="lelve1 level2 metric">
		<tapi:param name="$object$.LinkAttributes" alias="link_attributes"/>
	</tapi:map>

	<tapi:map object="IsisSiteCapabilitySubTlv IsisAdjacencyServerIpv4Info IsisAdjacencyServerIpv6Info" prefix="site ipv4 ipv6">
		<tapi:param name="$object$.UnicastBit" alias="unicast_bit"/>
	</tapi:map>

	<tapi:map object="IsisAdjacencyServerIpv4Info IsisAdjacencyServerIpv6Info" prefix="ipv4 ipv6">
		<tapi:param name="$object$.Address" alias="address"/>
	</tapi:map>

	<tapi:map object="IsisLevel1PlsbLinkMetric IsisLevel2PlsbLinkMetric IsisSpbLinkMetric IsisPlsbLinkMetricConfig IsisSpbLinkMetricSubTlv" prefix="level1 leve2 spb plsb spb_tlv">
		<tapi:param name="$object$.LinkMetric" alias="link_metric"/>
	</tapi:map>

	<tapi:map object="IsisSpbLinkMetric IsisSpbLinkMetricSubTlv" prefix="spb spb_tlv">
		<tapi:param name="$object$.PortIdentifier" alias="port_identifier"/>
	</tapi:map>

	<tapi:map object="IsisRouterConfig IsisLspConfig" prefix="router lsp">
		<tapi:param name="$object$.Ipv6TeRouterId" alias="ipv6_te_router_id"/>
	</tapi:map>

	<tapi:map object="IsisSpbLinkMetric IsisSpbLinkMetricSubTlv" prefix="spb spb_tlv">
		<tapi:param name="$object$.NumberOfPorts" alias="number_of_ports"/>
	</tapi:map>

	<tapi:map object="Ipv4IsisRoutesConfig Ipv6IsisRoutesConfig" prefix="ipv4 ipv6">
		<tapi:param name="$object$.RouteType" alias="route_type"/>
	</tapi:map>

	<tapi:map object="Ipv4NetworkBlock.IsisPrefixSidSubTlv Ipv6NetworkBlock.IsisPrefixSidSubTlv IsisSrCapabilitySubTlv" prefix="ipv4prefix ipv6prefix srcap">
		<tapi:param name="$object$.Value" alias="value"/>
		<tapi:param name="$object$.Flags" alias="flags"/>
	</tapi:map>

	<tapi:map object="IsisSrCapabilitySubTlv.IsisSidLabelSubTlv IsisSidLabelBindingTlv.IsisSidLabelSubTlv IsisAdjSidSubTlv.IsisSidLabelSubTlv IsisLanAdjSidSubTlv.IsisSidLabelSubTlv" prefix="cap binding sid sid">
		<tapi:param name="$object$.Value" alias="value"/>
		<tapi:param name="$object$.ValueType" alias="value_type"/>
	</tapi:map>
	
	<tapi:map object="IsisLspNeighborConfig Ipv4IsisRoutesConfig IsisEroMetricSubTlv" prefix="neighbor ipv4 ero_metric">
		<tapi:param name="$object$.Metric" alias="metric"/>
	</tapi:map>

	<tapi:map object="IsisSidLabelBindingTlv IsisSrCapabilitySubTlv" prefix="label_tlv sr_cap">
		<tapi:param name="$object$.Range" alias="range"/>
	</tapi:map>

	<tapi:map object="IsisLspConfig IsisLspNeighborConfig" prefix="lsp lsp_neighbor">
		<tapi:param name="$object$.NeighborPseudonodeId" alias="neighbor_pseudonode_id"/>
	</tapi:map>

	<tapi:map object="IsisRouterConfig IsisLspConfig IsisLanAdjSidSubTlv" prefix="router lsp lan_tlv">
		<tapi:param name="$object$.SystemId" alias="system_id"/>
	</tapi:map>

	<tapi:map object="IsisCapabilityTlv IsisAdjSidSubTlv IsisLanAdjSidSubTlv IsisSidLabelBindingTlv IsisIpv4EroSubTlv IsisSrCapabilitySubTlv" prefix="tlv adj_tlv lan_tlv label_tlv ipv4_ero srcap">
		<tapi:param name="$object$.Flags" alias="flags"/>
	</tapi:map>
	
	<tapi:map object="IsisSidLabelBindingTlv" prefix="label_tlv label_tlv">
		<tapi:param name="$object$.Ipv4PrefixLength" alias="ipv4_repfix_length"/>
		<tapi:param name="$object$.Ipv6PrefixLength" alias="ipv6_repfix_length"/>
	</tapi:map>
	
	<tapi:map object="IsisMacReachabilityTlv IsisGroupMacRecord" prefix="mac group">
		<tapi:param name="$object$.StartMacList" alias="start_mac_list"/>
	</tapi:map>

	<tapi:map object="IsisGroupIpv4Record IsisGroupIpv6Record" prefix="group_ipv4 group_ipv6">
		<tapi:param name="$object$.PrefixLength" alias="prefix_length"/>
	</tapi:map>

	<tapi:map object="IsisInterestedVlansSubTlv IsisRouterCapabilitySubTlv" prefix="vlan cap">
		<tapi:param name="$object$.SubTlvOptions" alias="sub_tlv_options"/>
	</tapi:map>

	<tapi:map object="IsisMacReachabilityTlv IsisGroupMacAddrSubTlv IsisGroupIpv4AddrSubTlv IsisGroupIpv6AddrSubTlv" prefix="mac group_sub group_ipv4_sub group_ipv6_sub">
		<tapi:param name="$object$.Confidence" alias="confidence"/>
	</tapi:map>

	<tapi:map object="IsisMacReachabilityTlv IsisGroupMacRecord IsisGroupIpv4Record IsisGroupIpv6Record" prefix="mac group group_ipv4 group_ipv6">
		<tapi:param name="$object$.AddrIncrement" alias="addr_increment"/>
		<tapi:param name="$object$.Count" alias="count"/>
	</tapi:map>

	<tapi:map object="IsisVlanIdTuple IsisSpbmSiSubTlv" prefix="vlan spb">
		<tapi:param name="$object$.BaseVid" alias="base_vid"/>
	</tapi:map>

	<tapi:map object="IsisMacReachabilityTlv IsisGroupMacAddrSubTlv IsisGroupIpv4AddrSubTlv IsisGroupIpv6AddrSubTlv" prefix="mac group_sub group_ipv4_sub group_ipv6_sub">
		<tapi:param name="$object$.VlanId" alias="vlan_id"/>
	</tapi:map>

	<tapi:map object="IsisGroupIpv4Record IsisGroupIpv6Record" prefix="group_ipv4 group_ipv6">
		<tapi:param name="$object$.StartIpList" alias="start_ip_list"/>
	</tapi:map>

	<tapi:map object="IsisMacReachabilityTlv IsisGroupMacAddrSubTlv IsisGroupIpv4AddrSubTlv IsisGroupIpv6AddrSubTlv IsisInterestedVlansSubTlv IsisNicknameRecord IsisFTagSubTlv" prefix="mac group_sub group_ipv4_sub group_ipv6_sub vlan nick ftag_sub">
		<tapi:param name="$object$.Nickname" alias="nickname"/>
	</tapi:map>

  </tapi:interface>
</tapi:meta>