<stc:meta xmlns:stc="urn:www.spirentcom.com:XMLSchema.xsd" id="0x19000000" package="mcast" plugin="mcastcore" version="0.0.0-0">
  <stc:class baseClass="framework.Scriptable" canCreate="false" id="0x19001000" idlMapped="na" ilMapped="na" isInternal="false" isReadOnly="false" isSingleton="false" name="MulticastGroup" noSave="false" profile="mcastcore">
    <stc:relation allowDuplicate="false" dstClassRef="MulticastGroup" dstName="none" embedDstInIlClass="false" embedSrcInIlClass="false" id="0x19001001" isInternal="false" maxOccurs="unbounded" minOccurs="0" name="ParentProject" order="sequenced" srcClassRef="framework.Project" srcName="none" type="framework.ParentChild" />
  </stc:class>
  <stc:class baseClass="MulticastGroup" canCreate="true" id="0x19002000" idlMapped="na" ilMapped="na" isInternal="false" isReadOnly="false" isSingleton="false" name="Ipv4Group" noSave="false" profile="mcastcore">
    <stc:relation allowDuplicate="false" dstClassRef="core.Ipv4NetworkBlock" dstName="none" embedDstInIlClass="false" embedSrcInIlClass="false" id="0x19002001" isInternal="false" maxOccurs="1" minOccurs="1" name="ChildIpv4NetworkBlock" order="sequenced" srcClassRef="Ipv4Group" srcName="none" type="framework.ParentChild" />
  </stc:class>
  <stc:class baseClass="MulticastGroup" canCreate="true" id="0x19003000" idlMapped="na" ilMapped="na" isInternal="false" isReadOnly="false" isSingleton="false" name="Ipv6Group" noSave="false" profile="mcastcore">
    <stc:relation allowDuplicate="false" dstClassRef="core.Ipv6NetworkBlock" dstName="none" embedDstInIlClass="false" embedSrcInIlClass="false" id="0x19003001" isInternal="false" maxOccurs="1" minOccurs="1" name="ChildIpv6NetworkBlock" order="sequenced" srcClassRef="Ipv6Group" srcName="none" type="framework.ParentChild" />
  </stc:class>
  <stc:class baseClass="framework.Result" canCreate="false" id="0x19004000" idlMapped="na" ilMapped="na" isInternal="false" isReadOnly="false" isSingleton="false" name="MulticastGroupResults" noSave="false" profile="mcastcore">
    <stc:property category="result" collectionType="vector" databaseType="DEFAULT" default="0" displayName="Min. Join Latency (msec)" format="number" id="0x19004001" idlMapped="true" ilMapped="true" isComposite="false" isDataStream="false" isDeprecated="false" isInternal="false" isReadOnly="true" maxOccurs="1" minOccurs="1" name="MinJoinLatency" noSave="true" nullable="false" onModifyNotifyMode="periodic" precision="" replaces="" type="double" />
    <stc:property category="result" collectionType="vector" databaseType="DEFAULT" default="0" displayName="Max. Join Latency (msec)" format="number" id="0x19004002" idlMapped="true" ilMapped="true" isComposite="false" isDataStream="false" isDeprecated="false" isInternal="false" isReadOnly="true" maxOccurs="1" minOccurs="1" name="MaxJoinLatency" noSave="true" nullable="false" onModifyNotifyMode="periodic" precision="" replaces="" type="double" />
    <stc:property category="result" collectionType="vector" databaseType="DEFAULT" default="0" displayName="Avg. Join Latency (msec)" format="number" id="0x19004003" idlMapped="true" ilMapped="true" isComposite="false" isDataStream="false" isDeprecated="false" isInternal="false" isReadOnly="true" maxOccurs="1" minOccurs="1" name="AvgJoinLatency" noSave="true" nullable="false" onModifyNotifyMode="periodic" precision="" replaces="" type="double" />
    <stc:property category="result" collectionType="vector" databaseType="DEFAULT" default="0" displayName="Min. Leave Latency (msec)" format="number" id="0x19004004" idlMapped="true" ilMapped="true" isComposite="false" isDataStream="false" isDeprecated="false" isInternal="false" isReadOnly="true" maxOccurs="1" minOccurs="1" name="MinLeaveLatency" noSave="true" nullable="false" onModifyNotifyMode="periodic" precision="" replaces="" type="double" />
    <stc:property category="result" collectionType="vector" databaseType="DEFAULT" default="0" displayName="Max. Leave Latency (msec)" format="number" id="0x19004005" idlMapped="true" ilMapped="true" isComposite="false" isDataStream="false" isDeprecated="false" isInternal="false" isReadOnly="true" maxOccurs="1" minOccurs="1" name="MaxLeaveLatency" noSave="true" nullable="false" onModifyNotifyMode="periodic" precision="" replaces="" type="double" />
    <stc:property category="result" collectionType="vector" databaseType="DEFAULT" default="0" displayName="Avg. Leave Latency (msec)" format="number" id="0x19004006" idlMapped="true" ilMapped="true" isComposite="false" isDataStream="false" isDeprecated="false" isInternal="false" isReadOnly="true" maxOccurs="1" minOccurs="1" name="AvgLeaveLatency" noSave="true" nullable="false" onModifyNotifyMode="periodic" precision="" replaces="" type="double" />
    <stc:property category="result" collectionType="vector" databaseType="DEFAULT" default="0" displayName="Timestamp" format="number" id="0x19004007" idlMapped="true" ilMapped="true" isComposite="false" isDataStream="false" isDeprecated="false" isInternal="false" isReadOnly="true" maxOccurs="1" minOccurs="1" name="Timestamp" noSave="true" nullable="false" onModifyNotifyMode="periodic" precision="" replaces="" type="double" />
  </stc:class>
  <stc:class baseClass="MulticastGroupResults" canCreate="true" id="0x19005000" idlMapped="na" ilMapped="na" isInternal="false" isReadOnly="false" isSingleton="false" name="Ipv4GroupResults" noSave="false" profile="mcastcore">
    <stc:relation allowDuplicate="false" dstClassRef="Ipv4GroupResults" dstName="none" embedDstInIlClass="false" embedSrcInIlClass="false" id="0x19005001" isInternal="false" maxOccurs="1" minOccurs="1" name="ParentIpv4Group" order="sequenced" srcClassRef="Ipv4Group" srcName="none" type="framework.ParentChild" />
    <stc:relation allowDuplicate="false" dstClassRef="Ipv4GroupResults" dstName="none" embedDstInIlClass="false" embedSrcInIlClass="false" id="0x19005002" isInternal="false" maxOccurs="unbounded" minOccurs="0" name="ResultIpv4Group" order="sequenced" srcClassRef="Ipv4Group" srcName="none" type="framework.ResultChild" />
  </stc:class>
  <stc:class baseClass="MulticastGroupResults" canCreate="true" id="0x19006000" idlMapped="na" ilMapped="na" isInternal="false" isReadOnly="false" isSingleton="false" name="Ipv6GroupResults" noSave="false" profile="mcastcore">
    <stc:relation allowDuplicate="false" dstClassRef="Ipv6GroupResults" dstName="none" embedDstInIlClass="false" embedSrcInIlClass="false" id="0x19006001" isInternal="false" maxOccurs="1" minOccurs="1" name="ParentIpv6Group" order="sequenced" srcClassRef="Ipv6Group" srcName="none" type="framework.ParentChild" />
    <stc:relation allowDuplicate="false" dstClassRef="Ipv6GroupResults" dstName="none" embedDstInIlClass="false" embedSrcInIlClass="false" id="0x19006002" isInternal="false" maxOccurs="unbounded" minOccurs="0" name="ResultIpv6Group" order="sequenced" srcClassRef="Ipv6Group" srcName="none" type="framework.ResultChild" />
  </stc:class>
  <stc:class baseClass="framework.CreatorCommand" canCreate="true" id="0x19007000" idlMapped="na" ilMapped="na" isInternal="false" isReadOnly="false" isSingleton="false" name="CreateNewMulticastGroupCommand" noSave="false" profile="mcastcore" />
  <stc:class baseClass="framework.Command" canCreate="true" id="0x19008000" idlMapped="na" ilMapped="na" isInternal="false" isReadOnly="false" isSingleton="false" name="CreateMulticastIpv4GroupCommand" noSave="false" profile="mcastcore">
    <stc:property category="input" collectionType="vector" databaseType="DEFAULT" default="1" displayName="Group Count" format="number" id="0x19008001" idlMapped="true" ilMapped="true" isComposite="false" isDataStream="false" isDeprecated="false" isInternal="false" isReadOnly="false" maxOccurs="1" minOccurs="1" name="GroupCount" noSave="false" nullable="false" onModifyNotifyMode="none" precision="" replaces="" type="u32">
      <stc:numericValidation errorMsg="Please enter a valid number" maxInclusive="65535" minInclusive="1" />
    </stc:property>
    <stc:property category="input" collectionType="vector" databaseType="DEFAULT" default="null" displayName="IP Step per Group" format="number" id="0x19008002" idlMapped="true" ilMapped="true" isComposite="false" isDataStream="false" isDeprecated="false" isInternal="false" isReadOnly="false" maxOccurs="1" minOccurs="1" name="GroupIpStep" noSave="false" nullable="true" onModifyNotifyMode="none" precision="" replaces="" type="ip" />
    <stc:property category="input" collectionType="vector" databaseType="DEFAULT" default="225.0.0.1" displayName="IP Start" format="number" id="0x19008003" idlMapped="true" ilMapped="true" isComposite="false" isDataStream="false" isDeprecated="false" isInternal="false" isReadOnly="false" maxOccurs="1" minOccurs="1" name="IpStart" noSave="false" nullable="false" onModifyNotifyMode="none" precision="" replaces="" type="ip" />
    <stc:property category="input" collectionType="vector" databaseType="DEFAULT" default="0.0.0.1" displayName="IP Step" format="number" id="0x19008004" idlMapped="true" ilMapped="true" isComposite="false" isDataStream="false" isDeprecated="false" isInternal="false" isReadOnly="false" maxOccurs="1" minOccurs="1" name="IpStep" noSave="false" nullable="false" onModifyNotifyMode="none" precision="" replaces="" type="ip" />
    <stc:property category="input" collectionType="vector" databaseType="DEFAULT" default="1" displayName="IP Count" format="number" id="0x19008005" idlMapped="true" ilMapped="true" isComposite="false" isDataStream="false" isDeprecated="false" isInternal="false" isReadOnly="false" maxOccurs="1" minOccurs="1" name="IpCount" noSave="false" nullable="false" onModifyNotifyMode="none" precision="" replaces="" type="u32">
      <stc:numericValidation errorMsg="Please enter a valid number" maxInclusive="65535" minInclusive="1" />
    </stc:property>
    <stc:property category="output" collectionType="vector" databaseType="DEFAULT" default="0" displayName="List of Return Handles" format="number" id="0x19008006" idlMapped="true" ilMapped="true" isComposite="false" isDataStream="false" isDeprecated="false" isInternal="false" isReadOnly="true" maxOccurs="unbounded" minOccurs="0" name="ReturnList" noSave="true" nullable="false" onModifyNotifyMode="instant" precision="" replaces="" type="handle" />
  </stc:class>
  <stc:class baseClass="framework.Command" canCreate="true" id="0x19009000" idlMapped="na" ilMapped="na" isInternal="false" isReadOnly="false" isSingleton="false" name="CreateMulticastIpv6GroupCommand" noSave="false" profile="mcastcore">
    <stc:property category="input" collectionType="vector" databaseType="DEFAULT" default="1" displayName="Group Count" format="number" id="0x19009001" idlMapped="true" ilMapped="true" isComposite="false" isDataStream="false" isDeprecated="false" isInternal="false" isReadOnly="false" maxOccurs="1" minOccurs="1" name="GroupCount" noSave="false" nullable="false" onModifyNotifyMode="none" precision="" replaces="" type="u32">
      <stc:numericValidation errorMsg="Please enter a valid number" maxInclusive="65535" minInclusive="1" />
    </stc:property>
    <stc:property category="input" collectionType="vector" databaseType="DEFAULT" default="null" displayName="IP Step per Group" format="number" id="0x19009002" idlMapped="true" ilMapped="true" isComposite="false" isDataStream="false" isDeprecated="false" isInternal="false" isReadOnly="false" maxOccurs="1" minOccurs="1" name="GroupIpStep" noSave="false" nullable="true" onModifyNotifyMode="none" precision="" replaces="" type="ipv6" />
    <stc:property category="input" collectionType="vector" databaseType="DEFAULT" default="ff1e::1" displayName="IP Start" format="number" id="0x19009003" idlMapped="true" ilMapped="true" isComposite="false" isDataStream="false" isDeprecated="false" isInternal="false" isReadOnly="false" maxOccurs="1" minOccurs="1" name="IpStart" noSave="false" nullable="false" onModifyNotifyMode="none" precision="" replaces="" type="ipv6" />
    <stc:property category="input" collectionType="vector" databaseType="DEFAULT" default="::1" displayName="IP Step" format="number" id="0x19009004" idlMapped="true" ilMapped="true" isComposite="false" isDataStream="false" isDeprecated="false" isInternal="false" isReadOnly="false" maxOccurs="1" minOccurs="1" name="IpStep" noSave="false" nullable="false" onModifyNotifyMode="none" precision="" replaces="" type="ipv6" />
    <stc:property category="input" collectionType="vector" databaseType="DEFAULT" default="1" displayName="IP Count" format="number" id="0x19009005" idlMapped="true" ilMapped="true" isComposite="false" isDataStream="false" isDeprecated="false" isInternal="false" isReadOnly="false" maxOccurs="1" minOccurs="1" name="IpCount" noSave="false" nullable="false" onModifyNotifyMode="none" precision="" replaces="" type="u32">
      <stc:numericValidation errorMsg="Please enter a valid number" maxInclusive="65535" minInclusive="1" />
    </stc:property>
    <stc:property category="output" collectionType="vector" databaseType="DEFAULT" default="0" displayName="List of Return Handles" format="number" id="0x19009006" idlMapped="true" ilMapped="true" isComposite="false" isDataStream="false" isDeprecated="false" isInternal="false" isReadOnly="true" maxOccurs="unbounded" minOccurs="0" name="ReturnList" noSave="true" nullable="false" onModifyNotifyMode="instant" precision="" replaces="" type="handle" />
  </stc:class>
</stc:meta>