<tapi:meta xmlns:tapi="urn:www.spirentcom.com:XMLSchema.xsd" id="0x95000000" package="routing" plugin="rsvp" version="0.0.0-0">
  <tapi:class name="RsvpDeviceGenProtocolParams" disable="TRUE">
 </tapi:class>
  
  <tapi:interface APIName="::sth::emulation_rsvp_config" from_to_object="RsvpRouterConfig" plugin="rsvp" process_all_props = "FALSE">
 	<tapi:retval name="return">
	 <tapi:retkey name="rsvprouterconfig_hnd" object="RsvpRouterConfig"/>
	</tapi:retval>

 	<tapi:param  name="RsvpRouterConfig.enablelspresults" alias="enable_lsp_results"/>
	<tapi:param  name="RsvpRouterConfig.interpktdelay" alias="inter_pkt_delay"/>
	<tapi:param  name="RsvpRouterConfig.labelbindingmode" alias="label_binding_mode"/>
	<tapi:param  name="RsvpRouterConfig.hoptlvid" alias="hop_tlv_id"/>
	<tapi:param  name="RsvpRouterConfig.reliabledeliveryackmethod" alias="reliable_delivery_ack_method"/>
	<tapi:param  name="RsvpRouterConfig.capabilityobject" alias="capability_object"/>
	<tapi:param  name="RsvpRouterConfig.enableunnumberedinterface" alias="enable_un_numbered_interface"/>
	<tapi:param  name="RsvpRouterConfig.dutipaddr" alias="dut_ip_addr"/>
	<tapi:param  name="RsvpRouterConfig.enablegmpls" alias="enable_gmpls"/>
 </tapi:interface>

  <tapi:interface APIName="::sth::emulation_rsvp_tunnel_config" from_to_object="RsvpIngressTunnelParams RsvpEgressTunnelParams RsvpCustomObject Ipv4Group Ipv6Group" plugin="rsvp" process_all_props = "FALSE">
	<tapi:retval name="return format b">
	  <tapi:retkey name="rsvpipv4explicitrouteparams_hnd" object="RsvpIpv4ExplicitRouteParams"/>
	  <tapi:retkey name="rsvpingresstunnelparams_hnd" object="RsvpIngressTunnelParams"/>
	  <tapi:retkey name="rsvpegresstunnelparams_hnd" object="RsvpEgressTunnelParams"/>
	  <tapi:retkey name="rsvpgmplsparams_hnd" object="RsvpGmplsParams"/>
	  <tapi:retkey name="ipv4networkblock_hnd" object="Ipv4NetworkBlock"/>
	  <tapi:retkey name="rsvpingresss2lsublspparams_hnd" object="RsvpIngressS2lSubLspParams"/>
	  <tapi:retkey name="rsvpdetoursubobject_hnd" object="RsvpDetourSubObject"/>
	  <tapi:retkey name="rsvpipv4lsrparams_hnd" object="RsvpIpv4LsrParams"/>
	  <tapi:retkey name="rsvpcustomobject_hnd" object="RsvpCustomObject"/>
	  <tapi:retkey name="rsvpp2mpsubgroupparams_hnd" object="RsvpP2MpSubGroupParams"/>
	  <tapi:retkey name="rsvpegresss2lsublspparams_hnd" object="RsvpEgressS2lSubLspParams"/>
	</tapi:retval>
	
	<tapi:param name="RsvpIngressTunnelParams.PathCustomObject-targets" alias="path_custom_object_handle"/>
	<tapi:param name="RsvpIngressTunnelParams.PathTearCustomObject-targets" alias="pathtear_custom_objecthandle"/>
	<tapi:param name="RsvpIngressTunnelParams.MemberGroup-sources" alias="ipv4_group_handle"/>
	<tapi:param name="RsvpIngressTunnelParams.Ipv6MemberGroup-sources" alias="ipv6_group_handle"/>

	<tapi:map object="RsvpEgressTunnelParams RsvpIngressTunnelParams" prefix="egress ingress">
		<tapi:param name="$object$.TunnelId" alias="tunnel_id"/>
		<tapi:param name="$object$.TunnelIdStep" alias="tunnel_id_step"/>
		<tapi:param name="$object$.TunnelCount" alias="tunnel_count"/>
		<tapi:param name="$object$.EnableNotifyRequest" alias="enable_notify_request"/>
		<tapi:param name="$object$.EnablePointToMultiPoint" alias="enable_point_to_multi_point"/>
	</tapi:map>
	
	<tapi:map object="RsvpGmplsParams RsvpIpv4LsrParams RsvpIpv4ExplicitRouteParams" prefix="gmpls ipv4lsr ipv4explicit">
		<tapi:param name="$object$.InterfaceId" alias="interface_id"/>
	</tapi:map>
	
	<tapi:map object="RsvpEgressS2lSubLspParams RsvpIngressS2lSubLspParams" prefix="egress ingress">
		<tapi:param name="$object$.DestIpV4Addr" alias="dest_ip_v4_addr"/>
	</tapi:map>
   
  	<tapi:map object="Ipv4Group.Ipv4NetworkBlock Ipv6Group.Ipv6NetworkBlock" prefix="ipv4group ipv6group">
	  <tapi:param  name="$object$.startiplist" alias="start_ip_list"/>
	  <tapi:param  name="$object$.prefixlength" alias="prefix_length"/>
	</tapi:map>
  
	<tapi:param  name="RsvpCustomObject.classnumber" alias="class_number"/>
	<tapi:param  name="RsvpCustomObject.customdata" alias="custom_data"/>
	<tapi:param  name="RsvpCustomObject.ctype" alias="c_type"/>
						
	<tapi:param  name="RsvpEgressTunnelParams.acceptanytunnelid" alias="accept_any_tunnel_id"/>
	
	<tapi:param  name="RsvpGmplsParams.acceptablelabelset" alias="acceptable_label_set"/>
	<tapi:param  name="RsvpGmplsParams.gmplslabel" alias="gmpls_label"/>
	<tapi:param  name="RsvpGmplsParams.suggestedlabel" alias="suggested_label"/>
	<tapi:param  name="RsvpGmplsParams.useupstreamlabel" alias="use_upstream_label"/>
	<tapi:param  name="RsvpGmplsParams.resvsrcipaddr" alias="resv_src_ip_addr"/>
	<tapi:param  name="RsvpGmplsParams.acceptablelabelsettype" alias="acceptable_label_set_type"/>
	<tapi:param  name="RsvpGmplsParams.terouterid" alias="te_router_id"/>
	<tapi:param  name="RsvpIpv4LsrParams.rroflags" alias="rro_flags"/>

	<tapi:param  name="RsvpIngressTunnelParams.includeany" alias="include_any"/>
	<tapi:param  name="RsvpIngressTunnelParams.setuppriority" alias="setup_priority"/>
	<tapi:param  name="RsvpIngressTunnelParams.enablegeneralizedlabelrequest" alias="enable_generalized_label_request"/>
	<tapi:param  name="RsvpIngressTunnelParams.minpolicedunit" alias="min_policed_unit"/>
	<tapi:param  name="RsvpIngressTunnelParams.makebeforebreak" alias="make_before_break"/>
	<tapi:param  name="RsvpIngressTunnelParams.extendedtunnelidstep" alias="extended_tunnel_id_step"/>
	<tapi:param  name="RsvpIngressTunnelParams.dstipaddrstep" alias="dst_ip_addr_step"/>
	<tapi:param  name="RsvpIngressTunnelParams.excludeany" alias="exclude_any"/>
	<tapi:param  name="RsvpIngressTunnelParams.holdpriority" alias="hold_priority"/>
	<tapi:param  name="RsvpIngressTunnelParams.switchingvalue" alias="switching_value"/>
	<tapi:param  name="RsvpIngressTunnelParams.affinities" alias="affinities"/>
	<tapi:param  name="RsvpIngressTunnelParams.extendedtunnelid" alias="extended_tunnel_id"/>
	<tapi:param  name="RsvpIngressTunnelParams.enableerocompression" alias="enable_ero_compression"/>

	<tapi:param  name="RsvpIngressTunnelParams.lspid" alias="lsp_id"/>
	<tapi:param  name="RsvpIngressTunnelParams.lspencodingtype" alias="lsp_encoding_type"/>
	<tapi:param  name="RsvpIngressTunnelParams.peakdatarate" alias="peak_data_rate"/>
	<tapi:param  name="RsvpIngressTunnelParams.enablenotifyrequest" alias="enable_notify_request"/>
	<tapi:param  name="RsvpIngressTunnelParams.makebeforebreakretryalgorithm" alias="make_before_break_retry_algorithm"/>
	<tapi:param  name="RsvpIngressTunnelParams.makebeforebreakretrytime" alias="make_before_break_retry_time"/>
	<tapi:param  name="RsvpIngressTunnelParams.includeall" alias="include_all"/>

	<tapi:param  name="RsvpIngressTunnelParams.dstipaddr" alias="dst_ip_addr"/>
	<tapi:param  name="RsvpIngressTunnelParams.tunnelidstep" alias="tunnel_id_step"/>
	<tapi:param  name="RsvpIngressTunnelParams.enablerecordroute" alias="enable_record_route"/>
	<tapi:param  name="RsvpIngressTunnelParams.linkprotectionflag" alias="link_protection_flag"/>
	<tapi:param  name="RsvpIngressTunnelParams.srcipaddrstep" alias="src_ip_addr_step"/>
	<tapi:param  name="RsvpIngressTunnelParams.tokenbucketrate" alias="token_bucket_rate"/>
	<tapi:param  name="RsvpIngressTunnelParams.flag" alias="flag"/>
	<tapi:param  name="RsvpIngressTunnelParams.tokenbucketsize" alias="token_bucket_size"/>
	<tapi:param  name="RsvpIngressTunnelParams.sessionname" alias="session_name"/>
	<tapi:param  name="RsvpIngressTunnelParams.srcipaddr" alias="src_ip_addr"/>
	<tapi:param  name="RsvpIngressTunnelParams.generalizedpid" alias="generalized_p_id"/>
	<tapi:param  name="RsvpIngressTunnelParams.enableupstreamlabel" alias="enable_upstream_label"/>
	<tapi:param  name="RsvpIngressTunnelParams.sessionattribute" alias="session_attribute"/>
	<tapi:param  name="RsvpIngressTunnelParams.tunnelid" alias="tunnel_id"/>
	<tapi:param  name="RsvpIngressTunnelParams.enableuniquesubgroupsessionname" alias="enable_unique_sub_group_session_name"/>
	<tapi:param  name="RsvpIngressTunnelParams.p2mpid" alias="p2_mp_id"/>
	<tapi:param  name="RsvpIngressTunnelParams.enableprotectionobject" alias="enable_protection_object"/>
	<tapi:param  name="RsvpIngressTunnelParams.switchingtype" alias="switching_type"/>
	<tapi:param  name="RsvpIngressTunnelParams.lspidstep" alias="lsp_id_step"/>
	<tapi:param  name="RsvpIngressTunnelParams.maxpktsize" alias="max_pkt_size"/>
	<tapi:param  name="RsvpIngressTunnelParams.lspencodingvalue" alias="lsp_encoding_value"/>

	<tapi:param  name="RsvpIpv4ExplicitRouteParams.routetype" alias="route_type"/>
	<tapi:param  name="Ipv4NetworkBlock.startiplist" alias="start_ip_list"/>
	<tapi:param  name="Ipv4NetworkBlock.prefixlength" alias="prefix_length"/>
	<tapi:param  name="RsvpDetourSubObject.plrid" alias="plr_id"/>
	<tapi:param  name="RsvpDetourSubObject.avoidnodeid" alias="avoid_node_id"/>
	<tapi:param  name="RsvpP2MpSubGroupParams.subgrouporiginatorid" alias="sub_group_originator_id"/>
	<tapi:param  name="RsvpP2MpSubGroupParams.subgroupid" alias="sub_group_id"/>

  </tapi:interface>
</tapi:meta>