<tapi:meta xmlns:tapi="urn:www.spirentcom.com:XMLSchema.xsd" id="0x95000000" package="routing" plugin="vpn" version="0.0.0-0">
  <tapi:interface APIName="::sth::emulation_evpn_config" from_to_object="VpnEvpnGenParams"  plugin="vpn" process_all_props = "TRUE" auto_prefix="evpn">
	 <tapi:retval name="return format b">
		<tapi:retkey name="rtgtestgenipv4portparams_hnd" object="RtgTestGenIpv4PortParams"/>
		<tapi:retkey name="vpnigpisissessionparams_hnd" object="VpnIgpIsisSessionParams"/>
		<tapi:retkey name="vpnevpngencustportparams_hnd" object="VpnEvpnGenCustPortParams"/>
		<tapi:retkey name="vpnlsppinggenipv4coreparams_hnd" object="VpnLspPingGenIpv4CoreParams"/>
		<tapi:retkey name="vpnevpngencoreportparams_hnd" object="VpnEvpnGenCorePortParams"/>
		<tapi:retkey name="vpnevpngenparams_hnd" object="VpnEvpnGenParams"/>
		<tapi:retkey name="rtgtestgenipv6portparams_hnd" object="RtgTestGenIpv6PortParams"/>
		<tapi:retkey name="vpnlsppinggenipv4vpnparams_hnd" object="VpnLspPingGenIpv4VpnParams"/>
		<tapi:retkey name="ldpauthenticationparams_hnd" object="LdpAuthenticationParams"/>
		<tapi:retkey name="isisauthenticationparams_hnd" object="IsisAuthenticationParams"/>
		<tapi:retkey name="ospfv2authenticationparams_hnd" object="Ospfv2AuthenticationParams"/>
	 </tapi:retval>
	
	<tapi:param name="VpnEvpnGenCorePortParams.AffiliationPort-targets" alias="core_port_handle"/>
	<tapi:param name="VpnEvpnGenCustPortParams.AffiliationPort-targets" alias="cust_port_handle"/>

	<tapi:map object="VpnEvpnGenParams IsisAuthenticationParams VpnIgpIsisSessionParams VpnLspPingGenIpv4CoreParams Ospfv2AuthenticationParams VpnIgpOspfv2SessionParams RtgTestGenIpv4PortParams RtgTestGenIpv6PortParams VpnEvpnGenCorePortParams VpnEvpnGenCustPortParams LdpAuthenticationParams VpnMplsLdpSessionParams VpnMplsRsvpSessionParams VpnLspPingGenIpv4VpnParams" prefix=" ">
		<tapi:param name="$object$.Name" alias="name" disable="TRUE"/>
		<tapi:param name="$object$.Active" alias="active" disable="TRUE"/>
	</tapi:map>
  
	<tapi:param name="VpnEvpnGenParams.Enable4ByteDutAs" alias="enable_4byte_dut_as"/>
	<tapi:param name="VpnEvpnGenParams.DutAs4Byte" alias="dut_as_4byte"/>
	<tapi:param name="VpnEvpnGenParams.CustCeBgp4ByteAs" alias="cust_ce_bgp_4byte_as"/>
	<tapi:param name="VpnEvpnGenParams.CustCeBgp4ByteAsStepPerVpn" alias="cust_ce_bgp_4byte_as_step_per_vpn"/>
	<tapi:param name="VpnEvpnGenParams.CoreCeBgp4ByteAsEnable" alias="core_ce_bgp_4byte_as_enable"/>
	<tapi:param name="VpnEvpnGenParams.CustCeBgp4ByteAsStepPerVpnEnable" alias="cust_ce_bgp_4byte_as_step_per_vpn_enable"/>
	<tapi:param name="VpnEvpnGenParams.CoreCeBgp4ByteAsStepPerVpnEnable" alias="core_ce_bgp_4byte_as_step_per_vpn_enable"/>
	<tapi:param name="VpnEvpnGenParams.CustCeBgp4ByteAsStepPerCe" alias="cust_ce_bgp_4byte_as_step_per_ce"/>
	<tapi:param name="VpnEvpnGenParams.CoreCeBgp4ByteAsStepPerCeEnable" alias="core_ce_bgp_4byte_as_step_per_ce_enable"/>
	<tapi:param name="VpnEvpnGenParams.CustCeBgp4ByteAsStepPerCeEnable" alias="cust_ce_bgp_4byte_as_step_per_ce_enable"/>
	<tapi:param name="VpnEvpnGenParams.CustCeBgp4ByteAsEnable" alias="cust_ce_bgp_4byte_as_enable"/>
	<tapi:param name="VpnEvpnGenParams.CoreCeBgp4ByteAs" alias="core_ce_bgp_4byte_as"/>
	<tapi:param name="VpnEvpnGenParams.CoreCeBgp4ByteAsStepPerCe" alias="core_ce_bgp_4byte_as_step_per_ce"/>
	<tapi:param name="VpnEvpnGenParams.CoreCeBgp4ByteAsStepPerVpn" alias="core_ce_bgp_4byte_as_step_per_vpn"/>
	
	<tapi:map object="IsisAuthenticationParams Ospfv2AuthenticationParams LdpAuthenticationParams" prefix="isis ospfv2 ldp">
		<tapi:param name="$object$.Authentication" alias="authentication"/>
		<tapi:param name="$object$.Password" alias="password"/>
		<tapi:param name="$object$.Md5KeyId" alias="md5_key_id"/>
	</tapi:map>

	<tapi:map object="VpnLspPingGenIpv4CoreParams VpnLspPingGenIpv4VpnParams" prefix="core vpn">
		<tapi:param name="$object$.ValidateFecStack" alias="validate_fec_stack"/>
		<tapi:param name="$object$.TimeToLive" alias="time_to_live"/>
		<tapi:param name="$object$.PadData" alias="pad_data"/>
		<tapi:param name="$object$.PingInterval" alias="ping_interval"/>
		<tapi:param name="$object$.DstAddr" alias="dst_addr"/>
	    <tapi:param name="$object$.PadMode" alias="pad_mode"/>
	   	<tapi:param name="$object$.ExperimentalBits" alias="experimental_bits"/>
	    <tapi:param name="$object$.PingTimeout" alias="ping_timeout"/>
	    <tapi:param name="$object$.EnableNilFecLabel" alias="enable_nil_fec_label"/>
	</tapi:map>

	<tapi:map object="VpnEvpnGenCorePortParams RtgTestGenIpv4PortParams RtgTestGenIpv6PortParams VpnEvpnGenCustPortParams" prefix="core ipv4 ipv6 cust">
		<tapi:param name="$object$.VlanId" alias="vlan_id"/>
		<tapi:param name="$object$.VlanIdStep" alias="vlan_id_step"/>
		<tapi:param name="$object$.SubIfEnable" alias="sub_if_enable"/>
		<tapi:param name="$object$.SubIfCount" alias="sub_if_count"/>
		<tapi:param name="$object$.Encap" alias="encap"/>
	</tapi:map>
	
	<tapi:map object="VpnEvpnGenCorePortParams VpnEvpnGenCustPortParams" prefix="core cust">
		<tapi:param name="$object$.MulticastTrafficRole" alias="multicast_traffic_role"/>
	</tapi:map>


	<tapi:map object="VpnIgpIsisSessionParams VpnIgpOspfv2SessionParams" prefix="isis ospfv2">
		<tapi:param name="$object$.RouterPriority" alias="router_priority"/>
	    <tapi:param name="$object$.NetworkType" alias="network_type"/>
	</tapi:map>

	<tapi:map object="VpnMplsLdpSessionParams VpnMplsRsvpSessionParams" prefix="ldp rsvp">
		<tapi:param name="$object$.LabelMin" alias="label_min"/>
		<tapi:param name="$object$.EgressLabel" alias="egress_label"/>
  		<tapi:param name="$object$.RecoveryTime" alias="recovery_time"/>
		<tapi:param name="$object$.HelloInterval" alias="hello_interval"/>
	</tapi:map>

	<tapi:map object="VpnMplsRsvpSessionParams" prefix="rsvp">
		<tapi:param name="$object$.LabelMax" alias="label_max"/>
	</tapi:map>
	
	<tapi:map object="VpnIgpIsisSessionParams VpnIgpOspfv2SessionParams VpnMplsLdpSessionParams VpnMplsRsvpSessionParams" prefix="isis ospfv2 ldp rsvp">
		<tapi:param name="$object$.EnableBfd" alias="enable_bfd"/>
	    <tapi:param name="$object$.EnableGracefulRestart" alias="enable_graceful_restart"/>
	</tapi:map>
	
   </tapi:interface>
</tapi:meta>